model, workload time, build time, proof of work
binary search,0.941438,0,-5672018955847478658
linear model,0.615517,55.4385,8125622285898495441
weighted linear model,4.24854,62.145,-1040111415350228181
lookup table linear model,3.97579,67.9123,8125622285898495441
